league,season,team,player,nation,pos,age,born,Playing Time_MP,Playing Time_Starts,Playing Time_Min,Playing Time_90s,Performance_Gls,Performance_Ast,Performance_G+A,Performance_G-PK,Performance_PK,Performance_PKatt,Performance_CrdY,Performance_CrdR,Per 90 Minutes_Gls,Per 90 Minutes_Ast,Per 90 Minutes_G+A,Per 90 Minutes_G-PK,Per 90 Minutes_G+A-PK,90s,Standard_Gls,Standard_Sh,Standard_SoT,Standard_SoT%,Standard_Sh/90,Standard_SoT/90,Standard_G/Sh,Standard_G/SoT,Standard_PK,Standard_PKatt,Playing Time_Mn/MP,Playing Time_Min%,Starts_Starts,Starts_Mn/Start,Starts_Compl,Subs_Subs,Subs_Mn/Sub,Subs_unSub,Team Success_PPM,Team Success_onG,Team Success_onGA,Team Success_+/-,Team Success_+/-90,Team Success_On-Off,Performance_2CrdY,Performance_Fls,Performance_Fld,Performance_Off,Performance_Crs,Performance_Int,Performance_TklW,Performance_PKwon,Performance_PKcon,Performance_OG,Performance_GA,Performance_GA90,Performance_SoTA,Performance_Saves,Performance_Save%,Performance_W,Performance_D,Performance_L,Performance_CS,Performance_CS%,Penalty Kicks_PKatt,Penalty Kicks_PKA,Penalty Kicks_PKsv,Penalty Kicks_PKm,Penalty Kicks_Save%,entrena,confianza,cluster,dist_centroide
ENG-Premier League,2324,Arsenal,Aaron Ramsdale,ENG,GK,25.0,1998.0,6.0,6.0,540.0,6.0,0.0,0.0,0.0,0.0,0.0,0.0,0.0,0.0,0.0,0.0,0.0,0.0,0.0,6.0,0.0,0.0,0.0,,0.0,0.0,,,0.0,0.0,90.0,15.8,6,90.0,6,0,,31,2.67,11.0,5.0,6.0,1.0,-0.75,0.0,0.0,1.0,0.0,0.0,0.0,0.0,,,0.0,5.0,0.83,14.0,9.0,64.3,5.0,1.0,0.0,2.0,33.3,0.0,0.0,0.0,0.0,,False,baja,2,3.3044590160661524
ENG-Premier League,2324,Arsenal,David Raya,ESP,GK,27.0,1995.0,32.0,32.0,2880.0,32.0,0.0,0.0,0.0,0.0,0.0,0.0,2.0,0.0,0.0,0.0,0.0,0.0,0.0,32.0,0.0,0.0,0.0,,0.0,0.0,,,0.0,0.0,90.0,84.2,32,90.0,32,0,,3,2.28,80.0,24.0,56.0,1.75,0.75,0.0,0.0,4.0,0.0,0.0,0.0,1.0,,,0.0,24.0,0.75,69.0,45.0,65.2,23.0,4.0,5.0,14.0,43.8,3.0,2.0,1.0,0.0,33.3,True,alta,2,2.728277826372804
ENG-Premier League,2324,Aston Villa,Emiliano Martínez,ARG,GK,30.0,1992.0,34.0,34.0,3015.0,33.5,0.0,0.0,0.0,0.0,0.0,0.0,4.0,0.0,0.0,0.0,0.0,0.0,0.0,33.5,0.0,0.0,0.0,,0.0,0.0,,,0.0,0.0,89.0,88.2,34,89.0,33,0,,0,1.91,72.0,48.0,24.0,0.72,2.72,0.0,1.0,7.0,0.0,0.0,0.0,0.0,,,2.0,48.0,1.43,143.0,95.0,66.4,19.0,8.0,7.0,7.0,20.6,1.0,1.0,0.0,0.0,0.0,True,alta,0,1.5217580416158998
ENG-Premier League,2324,Bournemouth,Neto,BRA,GK,34.0,1989.0,32.0,32.0,2880.0,32.0,0.0,0.0,0.0,0.0,0.0,0.0,5.0,0.0,0.0,0.0,0.0,0.0,0.0,32.0,0.0,0.0,0.0,,0.0,0.0,,,0.0,0.0,90.0,84.2,32,90.0,32,0,,4,1.22,46.0,55.0,-9.0,-0.28,0.39,0.0,1.0,0.0,0.0,0.0,1.0,0.0,,,0.0,55.0,1.72,167.0,112.0,67.1,10.0,9.0,13.0,7.0,21.9,6.0,5.0,1.0,0.0,16.7,True,alta,1,1.8802274397195553
ENG-Premier League,2324,Brentford,Mark Flekken,NED,GK,30.0,1993.0,37.0,37.0,3285.0,36.5,0.0,1.0,1.0,0.0,0.0,0.0,3.0,0.0,0.0,0.03,0.03,0.0,0.03,36.5,0.0,0.0,0.0,,0.0,0.0,,,0.0,0.0,89.0,96.1,37,89.0,36,0,,0,1.05,53.0,63.0,-10.0,-0.27,-0.94,0.0,2.0,4.0,0.0,0.0,0.0,1.0,,,0.0,63.0,1.73,178.0,115.0,64.6,10.0,9.0,18.0,7.0,18.9,2.0,2.0,0.0,0.0,0.0,True,alta,0,1.6850722945030352
ENG-Premier League,2324,Brighton,Bart Verbruggen,NED,GK,20.0,2002.0,21.0,21.0,1890.0,21.0,0.0,0.0,0.0,0.0,0.0,0.0,3.0,0.0,0.0,0.0,0.0,0.0,0.0,21.0,0.0,0.0,0.0,,0.0,0.0,,,0.0,0.0,90.0,55.3,21,90.0,21,0,,17,1.38,31.0,28.0,3.0,0.14,0.73,0.0,1.0,2.0,0.0,0.0,0.0,1.0,,,0.0,28.0,1.33,93.0,65.0,69.9,7.0,8.0,6.0,4.0,19.0,3.0,3.0,0.0,0.0,0.0,True,alta,0,1.3662178032421701
ENG-Premier League,2324,Brighton,Jason Steele,ENG,GK,32.0,1990.0,17.0,17.0,1530.0,17.0,0.0,0.0,0.0,0.0,0.0,0.0,0.0,0.0,0.0,0.0,0.0,0.0,0.0,17.0,0.0,0.0,0.0,,0.0,0.0,,,0.0,0.0,90.0,44.7,17,90.0,17,0,,21,1.12,24.0,34.0,-10.0,-0.59,-0.73,0.0,0.0,1.0,0.0,0.0,0.0,0.0,,,0.0,34.0,2.0,77.0,43.0,55.8,5.0,4.0,8.0,2.0,11.8,3.0,3.0,0.0,0.0,0.0,True,alta,1,1.980786483546586
ENG-Premier League,2324,Burnley,Arijanet Muric,KVX,GK,24.0,1998.0,10.0,10.0,900.0,10.0,0.0,0.0,0.0,0.0,0.0,0.0,0.0,0.0,0.0,0.0,0.0,0.0,0.0,10.0,0.0,0.0,0.0,,0.0,0.0,,,0.0,0.0,90.0,26.3,10,90.0,10,0,,25,1.0,14.0,16.0,-2.0,-0.2,1.05,0.0,0.0,3.0,0.0,0.0,0.0,1.0,,,1.0,16.0,1.6,79.0,63.0,79.7,2.0,4.0,4.0,0.0,0.0,2.0,1.0,1.0,0.0,50.0,False,baja,0,5.049347320404463
ENG-Premier League,2324,Burnley,James Trafford,ENG,GK,20.0,2002.0,28.0,28.0,2520.0,28.0,0.0,0.0,0.0,0.0,0.0,0.0,2.0,0.0,0.0,0.0,0.0,0.0,0.0,28.0,0.0,0.0,0.0,,0.0,0.0,,,0.0,0.0,90.0,73.7,28,90.0,28,0,,8,0.5,27.0,62.0,-35.0,-1.25,-1.05,0.0,0.0,5.0,0.0,0.0,1.0,1.0,,,0.0,62.0,2.21,168.0,106.0,63.1,3.0,5.0,20.0,2.0,7.1,5.0,5.0,0.0,0.0,0.0,True,alta,1,1.811207896608303
ENG-Premier League,2324,Chelsea,Robert Sánchez,ESP,GK,25.0,1997.0,16.0,16.0,1433.0,15.9,0.0,0.0,0.0,0.0,0.0,0.0,2.0,0.0,0.0,0.0,0.0,0.0,0.0,15.9,0.0,0.0,0.0,,0.0,0.0,,,0.0,0.0,90.0,41.9,16,90.0,15,0,,2,1.19,26.0,25.0,1.0,0.06,-0.53,0.0,0.0,1.0,0.0,0.0,0.0,0.0,,,0.0,25.0,1.57,77.0,52.0,67.5,5.0,4.0,7.0,3.0,18.8,3.0,2.0,1.0,0.0,33.3,True,alta,1,0.9182165681537211
ENG-Premier League,2324,Chelsea,Đorđe Petrović,SRB,GK,23.0,1999.0,23.0,22.0,1987.0,22.1,0.0,0.0,0.0,0.0,0.0,0.0,2.0,0.0,0.0,0.0,0.0,0.0,0.0,22.1,0.0,0.0,0.0,,0.0,0.0,,,0.0,0.0,86.0,58.1,22,90.0,22,1,7.0,12,1.91,51.0,38.0,13.0,0.59,0.53,0.0,0.0,1.0,0.0,0.0,0.0,0.0,,,0.0,38.0,1.72,112.0,74.0,66.1,13.0,5.0,4.0,4.0,18.2,2.0,1.0,0.0,1.0,0.0,True,alta,1,1.7865872499885713
ENG-Premier League,2324,Crystal Palace,Dean Henderson,ENG,GK,26.0,1997.0,18.0,18.0,1620.0,18.0,0.0,0.0,0.0,0.0,0.0,0.0,2.0,0.0,0.0,0.0,0.0,0.0,0.0,18.0,0.0,0.0,0.0,,0.0,0.0,,,0.0,0.0,90.0,47.4,18,90.0,18,0,,7,1.56,36.0,30.0,6.0,0.33,0.68,0.0,0.0,2.0,0.0,0.0,0.0,1.0,,,1.0,30.0,1.67,87.0,57.0,65.5,8.0,4.0,6.0,2.0,11.1,1.0,1.0,0.0,0.0,0.0,True,alta,0,1.7618663831539991
ENG-Premier League,2324,Crystal Palace,Sam Johnstone,ENG,GK,30.0,1993.0,20.0,20.0,1796.0,20.0,0.0,0.0,0.0,0.0,0.0,0.0,1.0,0.0,0.0,0.0,0.0,0.0,0.0,20.0,0.0,0.0,0.0,,0.0,0.0,,,0.0,0.0,90.0,52.5,20,90.0,19,0,,4,1.05,21.0,27.0,-6.0,-0.3,-0.58,0.0,1.0,0.0,0.0,0.0,1.0,0.0,,,0.0,27.0,1.35,68.0,41.0,60.3,5.0,6.0,9.0,6.0,30.0,2.0,2.0,0.0,0.0,0.0,True,alta,2,2.7972172782491262
ENG-Premier League,2324,Everton,Jordan Pickford,ENG,GK,29.0,1994.0,38.0,38.0,3420.0,38.0,0.0,0.0,0.0,0.0,0.0,0.0,5.0,0.0,0.0,0.0,0.0,0.0,0.0,38.0,0.0,0.0,0.0,,0.0,0.0,,,0.0,0.0,90.0,100.0,38,90.0,38,0,,0,1.26,40.0,51.0,-11.0,-0.29,,0.0,1.0,6.0,0.0,0.0,0.0,0.0,,,1.0,51.0,1.34,172.0,121.0,70.3,13.0,9.0,16.0,10.0,26.3,8.0,8.0,0.0,0.0,0.0,True,alta,0,1.425911175109039
ENG-Premier League,2324,Fulham,Bernd Leno,GER,GK,31.0,1992.0,38.0,38.0,3420.0,38.0,0.0,0.0,0.0,0.0,0.0,0.0,3.0,0.0,0.0,0.0,0.0,0.0,0.0,38.0,0.0,0.0,0.0,,0.0,0.0,,,0.0,0.0,90.0,100.0,38,90.0,38,0,,0,1.24,55.0,61.0,-6.0,-0.16,,0.0,0.0,3.0,0.0,0.0,0.0,0.0,,,1.0,61.0,1.61,195.0,134.0,68.7,13.0,8.0,17.0,10.0,26.3,8.0,8.0,0.0,0.0,0.0,True,alta,1,1.422544943277269
ENG-Premier League,2324,Liverpool,Alisson,BRA,GK,30.0,1992.0,28.0,28.0,2520.0,28.0,0.0,0.0,0.0,0.0,0.0,0.0,1.0,0.0,0.0,0.0,0.0,0.0,0.0,28.0,0.0,0.0,0.0,,0.0,0.0,,,0.0,0.0,90.0,73.7,28,90.0,28,0,,0,2.0,60.0,30.0,30.0,1.07,-0.43,0.0,1.0,5.0,0.0,0.0,0.0,0.0,,,0.0,30.0,1.07,112.0,82.0,73.2,16.0,8.0,4.0,7.0,25.0,1.0,1.0,0.0,0.0,0.0,True,alta,0,1.9426193162458611
ENG-Premier League,2324,Liverpool,Caoimhín Kelleher,IRL,GK,24.0,1998.0,10.0,10.0,900.0,10.0,0.0,0.0,0.0,0.0,0.0,0.0,0.0,0.0,0.0,0.0,0.0,0.0,0.0,10.0,0.0,0.0,0.0,,0.0,0.0,,,0.0,0.0,90.0,26.3,10,90.0,10,0,,27,2.6,26.0,11.0,15.0,1.5,0.43,0.0,0.0,0.0,0.0,0.0,0.0,0.0,,,0.0,11.0,1.1,39.0,28.0,71.8,8.0,2.0,0.0,2.0,20.0,0.0,0.0,0.0,0.0,,False,baja,2,2.7507698161705934
ENG-Premier League,2324,Luton Town,Thomas Kaminski,BEL,GK,30.0,1992.0,38.0,38.0,3405.0,37.8,0.0,0.0,0.0,0.0,0.0,0.0,3.0,0.0,0.0,0.0,0.0,0.0,0.0,37.8,0.0,0.0,0.0,,0.0,0.0,,,0.0,0.0,90.0,99.6,38,90.0,37,0,,0,0.68,52.0,85.0,-33.0,-0.87,-0.87,0.0,0.0,2.0,0.0,0.0,0.0,1.0,,,0.0,85.0,2.25,229.0,144.0,62.9,6.0,8.0,24.0,2.0,5.3,4.0,4.0,0.0,0.0,0.0,True,alta,1,2.186868481772834
ENG-Premier League,2324,Manchester City,Ederson Moraes,BRA,GK,29.0,1993.0,33.0,33.0,2785.0,30.9,0.0,0.0,0.0,0.0,0.0,0.0,5.0,0.0,0.0,0.0,0.0,0.0,0.0,30.9,0.0,0.0,0.0,,0.0,0.0,,,0.0,0.0,84.0,81.4,33,84.0,29,0,,2,2.36,78.0,27.0,51.0,1.65,0.09,0.0,2.0,4.0,0.0,0.0,0.0,0.0,,,0.0,27.0,0.87,84.0,57.0,67.9,24.0,6.0,3.0,11.0,33.3,3.0,3.0,0.0,0.0,0.0,True,alta,2,1.7165744028143948
ENG-Premier League,2324,Manchester City,Stefan Ortega,GER,GK,30.0,1992.0,9.0,5.0,635.0,7.1,0.0,0.0,0.0,0.0,0.0,0.0,0.0,0.0,0.0,0.0,0.0,0.0,0.0,7.1,0.0,0.0,0.0,,0.0,0.0,,,0.0,0.0,71.0,18.6,5,90.0,5,4,46.0,29,2.56,18.0,7.0,11.0,1.56,-0.09,0.0,0.0,1.0,0.0,0.0,0.0,0.0,,,0.0,7.0,0.99,27.0,20.0,74.1,4.0,1.0,0.0,3.0,60.0,0.0,0.0,0.0,0.0,,False,baja,2,2.7989181510667605
ENG-Premier League,2324,Manchester Utd,André Onana,CMR,GK,27.0,1996.0,38.0,38.0,3420.0,38.0,0.0,0.0,0.0,0.0,0.0,0.0,5.0,0.0,0.0,0.0,0.0,0.0,0.0,38.0,0.0,0.0,0.0,,0.0,0.0,,,0.0,0.0,90.0,100.0,38,90.0,38,0,,0,1.58,57.0,58.0,-1.0,-0.03,,0.0,1.0,4.0,0.0,0.0,0.0,0.0,,,0.0,58.0,1.53,200.0,148.0,71.0,18.0,6.0,14.0,9.0,23.7,7.0,7.0,0.0,0.0,0.0,True,alta,1,1.6453049382627505
ENG-Premier League,2324,Newcastle,Martin Dúbravka,SVK,GK,34.0,1989.0,23.0,22.0,1985.0,22.1,0.0,0.0,0.0,0.0,0.0,0.0,1.0,0.0,0.0,0.0,0.0,0.0,0.0,22.1,0.0,0.0,0.0,,0.0,0.0,,,0.0,0.0,86.0,58.0,22,90.0,22,1,5.0,14,1.48,48.0,42.0,6.0,0.27,-0.79,0.0,2.0,5.0,0.0,0.0,0.0,0.0,,,0.0,42.0,1.9,129.0,87.0,67.4,9.0,4.0,9.0,5.0,22.7,5.0,4.0,1.0,0.0,20.0,True,alta,0,1.8379685326165751
ENG-Premier League,2324,Newcastle,Nick Pope,ENG,GK,31.0,1992.0,15.0,15.0,1345.0,14.9,0.0,0.0,0.0,0.0,0.0,0.0,1.0,0.0,0.0,0.0,0.0,0.0,0.0,14.9,0.0,1.0,0.0,0.0,0.07,0.0,0.0,,0.0,0.0,90.0,39.3,15,90.0,14,0,,3,1.93,36.0,16.0,20.0,1.34,1.21,0.0,0.0,3.0,0.0,0.0,0.0,0.0,,,0.0,16.0,1.07,59.0,43.0,72.9,9.0,2.0,4.0,6.0,40.0,0.0,0.0,0.0,0.0,,False,baja,2,2.5805874333573344
ENG-Premier League,2324,Nottingham,Matt Turner,USA,GK,29.0,1994.0,17.0,17.0,1530.0,17.0,0.0,0.0,0.0,0.0,0.0,0.0,2.0,0.0,0.0,0.0,0.0,0.0,0.0,17.0,0.0,0.0,0.0,,0.0,0.0,,,0.0,0.0,90.0,44.7,17,90.0,17,0,,20,1.11,24.0,29.0,-5.0,-0.29,0.32,0.0,0.0,3.0,0.0,0.0,0.0,0.0,,,0.0,28.0,1.65,83.0,55.0,66.3,4.0,5.0,8.0,2.0,11.8,2.0,2.0,0.0,0.0,0.0,True,alta,0,0.8844824133732107
ENG-Premier League,2324,Nottingham,Matz Sels,BEL,GK,31.0,1992.0,16.0,16.0,1440.0,16.0,0.0,0.0,0.0,0.0,0.0,0.0,1.0,0.0,0.0,0.0,0.0,0.0,0.0,16.0,0.0,0.0,0.0,,0.0,0.0,,,0.0,0.0,90.0,42.1,16,90.0,16,0,,0,1.0,22.0,27.0,-5.0,-0.31,0.28,0.0,0.0,3.0,0.0,0.0,0.0,0.0,,,0.0,27.0,1.69,64.0,37.0,57.8,4.0,4.0,8.0,1.0,6.3,1.0,1.0,0.0,0.0,0.0,True,alta,0,2.7602694739473583
ENG-Premier League,2324,Nottingham,Odysseas Vlachodimos,GRE,GK,29.0,1994.0,5.0,5.0,450.0,5.0,0.0,0.0,0.0,0.0,0.0,0.0,0.0,0.0,0.0,0.0,0.0,0.0,0.0,5.0,0.0,0.0,0.0,,0.0,0.0,,,0.0,0.0,90.0,13.2,5,90.0,5,0,,14,0.6,6.0,12.0,-6.0,-1.2,-0.84,0.0,0.0,1.0,0.0,0.0,0.0,0.0,,,0.0,12.0,2.4,22.0,10.0,45.5,1.0,0.0,4.0,1.0,20.0,1.0,1.0,0.0,0.0,0.0,False,baja,1,4.100519580453268
ENG-Premier League,2324,Sheffield United,Ivo Grbić,CRO,GK,27.0,1996.0,9.0,9.0,771.0,8.6,0.0,0.0,0.0,0.0,0.0,0.0,1.0,0.0,0.0,0.0,0.0,0.0,0.0,8.6,0.0,0.0,0.0,,0.0,0.0,,,0.0,0.0,86.0,22.5,9,86.0,8,0,,5,0.33,11.0,25.0,-14.0,-1.63,0.23,0.0,0.0,2.0,0.0,0.0,0.0,0.0,,,0.0,25.0,2.92,62.0,37.0,59.7,0.0,3.0,6.0,0.0,0.0,1.0,0.0,0.0,1.0,,False,baja,1,3.967632747525294
ENG-Premier League,2324,Sheffield United,Wes Foderingham,ENG,GK,32.0,1991.0,30.0,29.0,2649.0,29.4,0.0,0.0,0.0,0.0,0.0,0.0,2.0,0.0,0.0,0.0,0.0,0.0,0.0,29.4,0.0,0.0,0.0,,0.0,0.0,,,0.0,0.0,88.0,77.5,29,90.0,29,1,39.0,8,0.43,24.0,79.0,-55.0,-1.87,-0.23,0.0,1.0,12.0,0.0,0.0,0.0,5.0,,,1.0,79.0,2.68,212.0,133.0,62.7,3.0,4.0,22.0,1.0,3.4,6.0,5.0,0.0,1.0,0.0,True,alta,0,3.825088154787712
ENG-Premier League,2324,Tottenham,Guglielmo Vicario,ITA,GK,26.0,1996.0,38.0,38.0,3420.0,38.0,0.0,0.0,0.0,0.0,0.0,0.0,2.0,0.0,0.0,0.0,0.0,0.0,0.0,38.0,0.0,0.0,0.0,,0.0,0.0,,,0.0,0.0,90.0,100.0,38,90.0,38,0,,0,1.74,74.0,61.0,13.0,0.34,,0.0,0.0,8.0,0.0,0.0,1.0,0.0,,,0.0,61.0,1.61,171.0,110.0,64.3,20.0,6.0,12.0,6.0,15.8,7.0,7.0,0.0,0.0,0.0,True,alta,0,1.0707654460278877
ENG-Premier League,2324,West Ham,Alphonse Areola,FRA,GK,30.0,1993.0,31.0,31.0,2699.0,30.0,0.0,0.0,0.0,0.0,0.0,0.0,1.0,0.0,0.0,0.0,0.0,0.0,0.0,30.0,0.0,0.0,0.0,,0.0,0.0,,,0.0,0.0,87.0,78.9,31,87.0,28,0,,2,1.35,49.0,53.0,-4.0,-0.13,1.11,0.0,2.0,3.0,0.0,0.0,1.0,1.0,,,1.0,53.0,1.77,189.0,136.0,72.0,11.0,9.0,11.0,4.0,12.9,7.0,5.0,2.0,0.0,28.6,True,alta,1,1.9730617579259861
ENG-Premier League,2324,West Ham,Łukasz Fabiański,POL,GK,38.0,1985.0,10.0,7.0,721.0,8.0,0.0,0.0,0.0,0.0,0.0,0.0,0.0,0.0,0.0,0.0,0.0,0.0,0.0,8.0,0.0,0.0,0.0,,0.0,0.0,,,0.0,0.0,72.0,21.1,7,90.0,7,3,30.0,27,1.1,11.0,21.0,-10.0,-1.25,-1.11,0.0,0.0,0.0,0.0,0.0,1.0,0.0,,,0.0,21.0,2.62,54.0,33.0,61.1,3.0,1.0,3.0,1.0,14.3,3.0,3.0,0.0,0.0,0.0,False,baja,1,2.9741070137570746
ENG-Premier League,2324,Wolves,José Sá,POR,GK,30.0,1993.0,35.0,35.0,3037.0,33.7,0.0,1.0,1.0,0.0,0.0,0.0,1.0,0.0,0.0,0.03,0.03,0.0,0.03,33.7,0.0,0.0,0.0,,0.0,0.0,,,0.0,0.0,87.0,88.8,35,87.0,33,0,,0,1.23,47.0,58.0,-11.0,-0.33,0.61,0.0,0.0,9.0,0.0,0.0,0.0,1.0,,,0.0,58.0,1.72,192.0,134.0,69.8,12.0,7.0,16.0,4.0,11.4,8.0,8.0,0.0,0.0,0.0,True,alta,0,2.0254522771694625
ESP-La Liga,2324,Alavés,Antonio Sivera,ESP,GK,26.0,1996.0,34.0,34.0,3060.0,34.0,0.0,0.0,0.0,0.0,0.0,0.0,3.0,0.0,0.0,0.0,0.0,0.0,0.0,34.0,0.0,0.0,0.0,,0.0,0.0,,,0.0,0.0,90.0,89.5,34,90.0,34,0,,4,1.21,32.0,38.0,-6.0,-0.18,0.82,0.0,0.0,2.0,0.0,0.0,0.0,0.0,,,0.0,38.0,1.12,125.0,87.0,69.6,11.0,8.0,15.0,9.0,26.5,8.0,8.0,0.0,0.0,0.0,True,alta,2,1.4111384132922997
ESP-La Liga,2324,Almería,Luís Maximiano,POR,GK,24.0,1999.0,33.0,33.0,2970.0,33.0,0.0,0.0,0.0,0.0,0.0,0.0,1.0,0.0,0.0,0.0,0.0,0.0,0.0,33.0,0.0,0.0,0.0,,0.0,0.0,,,0.0,0.0,90.0,86.8,33,90.0,33,0,,4,0.52,32.0,63.0,-31.0,-0.94,-0.74,0.0,1.0,3.0,0.0,0.0,0.0,0.0,,,0.0,63.0,1.91,171.0,112.0,63.2,2.0,11.0,20.0,3.0,9.1,7.0,4.0,1.0,2.0,20.0,True,alta,1,0.7103079576858132
ESP-La Liga,2324,Athletic Club,Unai Simón,ESP,GK,26.0,1997.0,36.0,36.0,3182.0,35.4,0.0,0.0,0.0,0.0,0.0,0.0,2.0,0.0,0.0,0.0,0.0,0.0,0.0,35.4,0.0,0.0,0.0,,0.0,0.0,,,0.0,0.0,88.0,93.0,36,88.0,34,0,,1,1.81,58.0,33.0,25.0,0.71,1.09,0.0,0.0,8.0,0.0,0.0,1.0,1.0,,,1.0,33.0,0.93,121.0,91.0,72.7,18.0,11.0,7.0,15.0,41.7,5.0,1.0,3.0,1.0,75.0,True,alta,2,1.8538200184518603
ESP-La Liga,2324,Atlético Madrid,Jan Oblak,SVN,GK,30.0,1993.0,38.0,38.0,3420.0,38.0,0.0,0.0,0.0,0.0,0.0,0.0,1.0,0.0,0.0,0.0,0.0,0.0,0.0,38.0,0.0,0.0,0.0,,0.0,0.0,,,0.0,0.0,90.0,100.0,38,90.0,38,0,,0,2.0,70.0,43.0,27.0,0.71,,0.0,0.0,2.0,0.0,0.0,0.0,0.0,,,0.0,43.0,1.13,144.0,101.0,70.1,24.0,4.0,10.0,11.0,28.9,2.0,1.0,0.0,1.0,0.0,True,alta,2,1.369422870785013
ESP-La Liga,2324,Barcelona,Iñaki Peña,ESP,GK,24.0,1999.0,10.0,10.0,900.0,10.0,0.0,0.0,0.0,0.0,0.0,0.0,0.0,0.0,0.0,0.0,0.0,0.0,0.0,10.0,0.0,0.0,0.0,,0.0,0.0,,,0.0,0.0,90.0,26.3,10,90.0,10,0,,25,2.0,21.0,17.0,4.0,0.4,-0.71,0.0,0.0,1.0,0.0,0.0,0.0,0.0,,,0.0,17.0,1.7,39.0,22.0,56.4,6.0,2.0,2.0,2.0,20.0,0.0,0.0,0.0,0.0,,False,baja,0,3.3419856837977244
ESP-La Liga,2324,Barcelona,Marc-André ter Stegen,GER,GK,31.0,1992.0,28.0,28.0,2520.0,28.0,0.0,0.0,0.0,0.0,0.0,0.0,3.0,0.0,0.0,0.0,0.0,0.0,0.0,28.0,0.0,0.0,0.0,,0.0,0.0,,,0.0,0.0,90.0,73.7,28,90.0,28,0,,0,2.32,58.0,27.0,31.0,1.11,0.71,0.0,0.0,1.0,0.0,0.0,0.0,0.0,,,0.0,27.0,0.96,102.0,75.0,73.5,20.0,5.0,3.0,12.0,42.9,2.0,2.0,0.0,0.0,0.0,True,alta,2,1.4249723367529898
ESP-La Liga,2324,Celta Vigo,Iván Villar,ESP,GK,26.0,1997.0,12.0,12.0,1014.0,11.3,0.0,0.0,0.0,0.0,0.0,0.0,0.0,2.0,0.0,0.0,0.0,0.0,0.0,11.3,0.0,0.0,0.0,,0.0,0.0,,,0.0,0.0,85.0,29.6,12,85.0,11,0,,22,1.0,15.0,19.0,-4.0,-0.36,-0.09,0.0,2.0,2.0,0.0,0.0,0.0,0.0,,,0.0,18.0,1.6,45.0,27.0,60.0,2.0,4.0,6.0,0.0,0.0,3.0,2.0,1.0,0.0,33.3,False,baja,1,3.179636942832319
ESP-La Liga,2324,Celta Vigo,Vicente Guaita,ESP,GK,36.0,1987.0,27.0,26.0,2403.0,26.7,0.0,0.0,0.0,0.0,0.0,0.0,2.0,0.0,0.0,0.0,0.0,0.0,0.0,26.7,0.0,0.0,0.0,,0.0,0.0,,,0.0,0.0,89.0,70.3,26,90.0,26,1,63.0,6,1.15,32.0,39.0,-7.0,-0.26,0.09,0.0,1.0,5.0,0.0,0.0,0.0,1.0,,,1.0,39.0,1.46,122.0,83.0,68.0,8.0,7.0,11.0,2.0,7.7,5.0,4.0,0.0,1.0,0.0,True,alta,0,1.4413393472832674
ESP-La Liga,2324,Cádiz,Jeremías Ledesma,ARG,GK,30.0,1993.0,34.0,34.0,3048.0,33.9,0.0,0.0,0.0,0.0,0.0,0.0,0.0,0.0,0.0,0.0,0.0,0.0,0.0,33.9,0.0,0.0,0.0,,0.0,0.0,,,0.0,0.0,90.0,89.1,34,90.0,33,0,,1,0.88,23.0,47.0,-24.0,-0.71,0.5,0.0,1.0,5.0,0.0,0.0,0.0,1.0,,,0.0,47.0,1.39,152.0,105.0,69.1,6.0,12.0,16.0,7.0,20.6,2.0,2.0,0.0,0.0,0.0,True,alta,0,1.1915149821811475
ESP-La Liga,2324,Getafe,David Soria,ESP,GK,30.0,1993.0,38.0,38.0,3413.0,37.9,0.0,0.0,0.0,0.0,0.0,0.0,3.0,0.0,0.0,0.0,0.0,0.0,0.0,37.9,0.0,0.0,0.0,,0.0,0.0,,,0.0,0.0,90.0,99.8,38,90.0,37,0,,0,1.13,42.0,52.0,-10.0,-0.26,25.45,0.0,1.0,2.0,0.0,0.0,1.0,0.0,,,0.0,52.0,1.37,174.0,122.0,70.1,10.0,13.0,15.0,10.0,26.3,7.0,5.0,1.0,1.0,16.7,True,alta,2,1.4440764213141093
ESP-La Liga,2324,Girona,Paulo Gazzaniga,ARG,GK,31.0,1992.0,38.0,38.0,3420.0,38.0,0.0,0.0,0.0,0.0,0.0,0.0,2.0,0.0,0.0,0.0,0.0,0.0,0.0,38.0,0.0,0.0,0.0,,0.0,0.0,,,0.0,0.0,90.0,100.0,38,90.0,38,0,,0,2.13,85.0,46.0,39.0,1.03,,0.0,0.0,8.0,0.0,0.0,0.0,1.0,,,0.0,46.0,1.21,164.0,123.0,72.0,25.0,6.0,7.0,9.0,23.7,7.0,5.0,1.0,1.0,16.7,True,alta,0,1.2337439152977256
ESP-La Liga,2324,Granada,André Ferreira,POR,GK,27.0,1996.0,15.0,14.0,1340.0,14.9,0.0,0.0,0.0,0.0,0.0,0.0,1.0,0.0,0.0,0.0,0.0,0.0,0.0,14.9,0.0,0.0,0.0,,0.0,0.0,,,0.0,0.0,89.0,39.2,14,90.0,14,1,80.0,6,0.33,12.0,29.0,-17.0,-1.14,-0.1,0.0,2.0,2.0,0.0,0.0,0.0,0.0,,,0.0,29.0,1.95,78.0,49.0,62.8,0.0,5.0,9.0,0.0,0.0,3.0,3.0,0.0,0.0,0.0,False,baja,1,2.6212889614470622
ESP-La Liga,2324,Granada,Augusto Batalla,ARG,GK,27.0,1996.0,17.0,17.0,1530.0,17.0,0.0,0.0,0.0,0.0,0.0,0.0,3.0,0.0,0.0,0.0,0.0,0.0,0.0,17.0,0.0,1.0,0.0,0.0,0.06,0.0,0.0,,0.0,0.0,90.0,44.7,17,90.0,17,0,,3,0.76,16.0,28.0,-12.0,-0.71,0.68,0.0,0.0,2.0,0.0,0.0,0.0,0.0,,,0.0,28.0,1.65,87.0,59.0,67.8,3.0,4.0,10.0,3.0,17.6,0.0,0.0,0.0,0.0,,True,alta,0,2.205976134948781
ESP-La Liga,2324,Las Palmas,Álvaro Vallés,ESP,GK,26.0,1997.0,37.0,37.0,3263.0,36.3,0.0,0.0,0.0,0.0,0.0,0.0,2.0,1.0,0.0,0.0,0.0,0.0,0.0,36.3,0.0,0.0,0.0,,0.0,0.0,,,0.0,0.0,88.0,95.4,37,88.0,36,0,,0,1.08,33.0,44.0,-11.0,-0.3,1.42,0.0,1.0,6.0,0.0,1.0,0.0,3.0,,,0.0,44.0,1.21,147.0,109.0,70.1,10.0,10.0,17.0,8.0,21.6,8.0,4.0,3.0,1.0,42.9,True,alta,0,1.4494770701003716
ESP-La Liga,2324,Mallorca,Predrag Rajković,SRB,GK,27.0,1995.0,36.0,36.0,3240.0,36.0,0.0,0.0,0.0,0.0,0.0,0.0,2.0,0.0,0.0,0.0,0.0,0.0,0.0,36.0,0.0,0.0,0.0,,0.0,0.0,,,0.0,0.0,90.0,94.7,36,90.0,36,0,,2,1.0,31.0,43.0,-12.0,-0.33,-0.83,0.0,1.0,4.0,0.0,0.0,0.0,2.0,,,0.0,43.0,1.19,141.0,98.0,69.5,7.0,15.0,14.0,5.0,13.9,5.0,4.0,1.0,0.0,20.0,True,alta,0,1.41791250936768
ESP-La Liga,2324,Osasuna,Aitor Fernández,ESP,GK,32.0,1991.0,7.0,6.0,551.0,6.1,0.0,0.0,0.0,0.0,0.0,0.0,2.0,0.0,0.0,0.0,0.0,0.0,0.0,6.1,0.0,0.0,0.0,,0.0,0.0,,,0.0,0.0,79.0,16.1,6,90.0,6,1,11.0,30,0.63,6.0,13.0,-7.0,-1.14,-1.02,0.0,0.0,0.0,0.0,0.0,0.0,0.0,,,0.0,9.0,1.47,20.0,11.0,55.0,0.0,2.0,4.0,1.0,16.7,1.0,1.0,0.0,0.0,0.0,False,baja,1,3.293050113218194
ESP-La Liga,2324,Osasuna,Sergio Herrera,ESP,GK,30.0,1993.0,32.0,32.0,2869.0,31.9,0.0,0.0,0.0,0.0,0.0,0.0,2.0,0.0,0.0,0.0,0.0,0.0,0.0,31.9,0.0,0.0,0.0,,0.0,0.0,,,0.0,0.0,90.0,83.9,32,90.0,31,0,,6,1.34,41.0,47.0,-6.0,-0.19,0.63,0.0,0.0,7.0,0.0,0.0,0.0,1.0,,,0.0,47.0,1.47,132.0,85.0,64.4,12.0,7.0,13.0,9.0,28.1,1.0,0.0,1.0,0.0,100.0,True,alta,0,1.8899376095587848
ESP-La Liga,2324,Rayo Vallecano,Stole Dimitrievski,MKD,GK,29.0,1993.0,37.0,37.0,3330.0,37.0,0.0,0.0,0.0,0.0,0.0,0.0,2.0,0.0,0.0,0.0,0.0,0.0,0.0,37.0,0.0,0.0,0.0,,0.0,0.0,,,0.0,0.0,90.0,97.4,37,90.0,37,0,,1,1.03,29.0,47.0,-18.0,-0.49,0.51,0.0,0.0,3.0,0.0,0.0,0.0,1.0,,,0.0,47.0,1.27,153.0,106.0,69.3,8.0,14.0,15.0,9.0,24.3,2.0,1.0,1.0,0.0,50.0,True,alta,2,1.549332356746663
ESP-La Liga,2324,Real Betis,Claudio Bravo,CHI,GK,40.0,1983.0,7.0,7.0,630.0,7.0,0.0,0.0,0.0,0.0,0.0,0.0,0.0,0.0,0.0,0.0,0.0,0.0,0.0,7.0,0.0,0.0,0.0,,0.0,0.0,,,0.0,0.0,90.0,18.4,7,90.0,7,0,,13,1.86,11.0,5.0,6.0,0.86,0.95,0.0,0.0,1.0,0.0,0.0,0.0,0.0,,,0.0,5.0,0.71,22.0,17.0,77.3,3.0,4.0,0.0,2.0,28.6,0.0,0.0,0.0,0.0,,False,baja,2,2.6034657422890426
ESP-La Liga,2324,Real Betis,Rui Silva,POR,GK,29.0,1994.0,28.0,28.0,2475.0,27.5,0.0,0.0,0.0,0.0,0.0,0.0,4.0,0.0,0.0,0.0,0.0,0.0,0.0,27.5,0.0,0.0,0.0,,0.0,0.0,,,0.0,0.0,88.0,72.4,28,88.0,27,0,,6,1.39,35.0,36.0,-1.0,-0.04,-0.42,0.0,2.0,7.0,0.0,0.0,1.0,0.0,,,1.0,36.0,1.31,122.0,86.0,70.5,10.0,9.0,9.0,7.0,25.0,8.0,7.0,1.0,0.0,12.5,True,alta,0,2.136559291512056
ESP-La Liga,2324,Real Madrid,Andriy Lunin,UKR,GK,24.0,1999.0,21.0,21.0,1890.0,21.0,0.0,0.0,0.0,0.0,0.0,0.0,2.0,0.0,0.0,0.0,0.0,0.0,0.0,21.0,0.0,0.0,0.0,,0.0,0.0,,,0.0,0.0,90.0,55.3,21,90.0,21,0,,17,2.52,52.0,17.0,35.0,1.67,0.14,0.0,0.0,3.0,0.0,0.0,0.0,0.0,,,0.0,17.0,0.81,65.0,48.0,73.8,16.0,5.0,0.0,4.0,19.0,1.0,1.0,0.0,0.0,0.0,True,alta,2,2.1303343656318803
ESP-La Liga,2324,Real Madrid,Kepa Arrizabalaga,ESP,GK,28.0,1994.0,14.0,13.0,1198.0,13.3,0.0,0.0,0.0,0.0,0.0,0.0,1.0,0.0,0.0,0.0,0.0,0.0,0.0,13.3,0.0,0.0,0.0,,0.0,0.0,,,0.0,0.0,86.0,35.0,13,90.0,13,1,28.0,21,2.36,23.0,9.0,14.0,1.05,-0.85,0.0,0.0,2.0,0.0,0.0,0.0,0.0,,,0.0,9.0,0.68,39.0,30.0,76.9,10.0,2.0,1.0,4.0,30.8,0.0,0.0,0.0,0.0,,False,baja,2,2.670446788766811
ESP-La Liga,2324,Real Sociedad,Álex Remiro,ESP,GK,28.0,1995.0,37.0,37.0,3275.0,36.4,0.0,0.0,0.0,0.0,0.0,0.0,3.0,1.0,0.0,0.0,0.0,0.0,0.0,36.4,0.0,0.0,0.0,,0.0,0.0,,,0.0,0.0,89.0,95.8,37,89.0,36,0,,0,1.62,49.0,36.0,13.0,0.36,0.98,0.0,1.0,4.0,0.0,0.0,0.0,0.0,,,0.0,36.0,0.99,126.0,95.0,71.4,16.0,12.0,9.0,13.0,35.1,6.0,5.0,1.0,0.0,16.7,True,alta,2,0.6140296188434475
ESP-La Liga,2324,Sevilla,Marko Dmitrović,SRB,GK,31.0,1992.0,13.0,13.0,1170.0,13.0,0.0,0.0,0.0,0.0,0.0,0.0,1.0,0.0,0.0,0.0,0.0,0.0,0.0,13.0,0.0,0.0,0.0,,0.0,0.0,,,0.0,0.0,90.0,34.2,13,90.0,13,0,,23,0.62,14.0,25.0,-11.0,-0.85,-1.05,0.0,0.0,1.0,0.0,0.0,1.0,1.0,,,1.0,25.0,1.92,69.0,44.0,63.8,2.0,2.0,9.0,2.0,15.4,2.0,2.0,0.0,0.0,0.0,False,baja,1,0.8194759044767197
ESP-La Liga,2324,Sevilla,Ørjan Nyland,NOR,GK,32.0,1990.0,24.0,24.0,2160.0,24.0,0.0,0.0,0.0,0.0,0.0,0.0,1.0,0.0,0.0,0.0,0.0,0.0,0.0,24.0,0.0,0.0,0.0,,0.0,0.0,,,0.0,0.0,90.0,63.2,24,90.0,24,0,,4,1.38,33.0,27.0,6.0,0.25,1.11,0.0,0.0,2.0,0.0,0.0,0.0,0.0,,,0.0,27.0,1.13,106.0,79.0,74.5,8.0,9.0,7.0,5.0,20.8,3.0,3.0,0.0,0.0,0.0,True,alta,2,1.4842826755954692
ESP-La Liga,2324,Valencia,Giorgi Mamardashvili,GEO,GK,22.0,2000.0,37.0,37.0,3284.0,36.5,0.0,0.0,0.0,0.0,0.0,0.0,3.0,1.0,0.0,0.0,0.0,0.0,0.0,36.5,0.0,0.0,0.0,,0.0,0.0,,,0.0,0.0,89.0,96.0,37,89.0,36,0,,0,1.32,40.0,41.0,-1.0,-0.03,2.62,0.0,3.0,4.0,0.0,0.0,1.0,3.0,,,0.0,41.0,1.12,140.0,104.0,70.7,13.0,10.0,14.0,9.0,24.3,6.0,3.0,3.0,0.0,50.0,True,alta,2,0.9289111242358626
ESP-La Liga,2324,Villarreal,Filip Jørgensen,DEN,GK,21.0,2002.0,36.0,36.0,3240.0,36.0,0.0,0.0,0.0,0.0,0.0,0.0,4.0,0.0,0.0,0.0,0.0,0.0,0.0,36.0,0.0,0.0,0.0,,0.0,0.0,,,0.0,0.0,90.0,94.7,36,90.0,36,0,,2,1.36,59.0,63.0,-4.0,-0.11,-2.11,0.0,2.0,5.0,0.0,0.0,2.0,1.0,,,0.0,63.0,1.75,206.0,143.0,69.4,13.0,10.0,13.0,3.0,8.3,5.0,5.0,0.0,0.0,0.0,True,alta,1,1.779410236752635
FRA-Ligue 1,2324,Brest,Marco Bizot,NED,GK,32.0,1991.0,32.0,32.0,2876.0,32.0,0.0,0.0,0.0,0.0,0.0,0.0,3.0,1.0,0.0,0.0,0.0,0.0,0.0,32.0,0.0,0.0,0.0,,0.0,0.0,,,0.0,0.0,90.0,94.0,32,90.0,31,0,,0,1.72,49.0,34.0,15.0,0.47,-1.49,0.0,1.0,0.0,0.0,0.0,0.0,0.0,,,0.0,34.0,1.06,129.0,95.0,73.6,15.0,10.0,7.0,11.0,34.4,3.0,2.0,1.0,0.0,33.3,True,alta,2,1.7023753438564249
FRA-Ligue 1,2324,Clermont Foot,Mory Diaw,SEN,GK,30.0,1993.0,30.0,30.0,2700.0,30.0,0.0,0.0,0.0,0.0,0.0,0.0,3.0,0.0,0.0,0.0,0.0,0.0,0.0,30.0,0.0,0.0,0.0,,0.0,0.0,,,0.0,0.0,90.0,88.2,30,90.0,30,0,,0,0.67,22.0,54.0,-32.0,-1.07,-0.57,0.0,0.0,3.0,0.0,0.0,1.0,1.0,,,0.0,54.0,1.8,188.0,134.0,71.3,4.0,8.0,18.0,5.0,16.7,8.0,6.0,1.0,1.0,14.3,True,alta,1,1.9469729315232878
FRA-Ligue 1,2324,Le Havre,Arthur Desmas,FRA,GK,29.0,1994.0,33.0,33.0,2970.0,33.0,0.0,0.0,0.0,0.0,0.0,0.0,2.0,0.0,0.0,0.0,0.0,0.0,0.0,33.0,0.0,0.0,0.0,,0.0,0.0,,,0.0,0.0,90.0,97.1,33,90.0,33,0,,0,0.97,33.0,43.0,-10.0,-0.3,0.7,0.0,0.0,9.0,0.0,0.0,0.0,0.0,,,0.0,43.0,1.3,154.0,111.0,72.1,7.0,11.0,15.0,7.0,21.2,3.0,1.0,1.0,1.0,50.0,True,alta,0,1.1993024395401515
FRA-Ligue 1,2324,Lens,Brice Samba,FRA,GK,29.0,1994.0,33.0,33.0,2970.0,33.0,0.0,0.0,0.0,0.0,0.0,0.0,3.0,0.0,0.0,0.0,0.0,0.0,0.0,33.0,0.0,0.0,0.0,,0.0,0.0,,,0.0,0.0,90.0,97.1,33,90.0,33,0,,0,1.52,43.0,35.0,8.0,0.24,0.24,0.0,1.0,3.0,0.0,0.0,0.0,1.0,,,1.0,35.0,1.06,131.0,102.0,73.3,14.0,8.0,11.0,13.0,39.4,8.0,6.0,1.0,1.0,14.3,True,alta,2,1.4279387265687604
FRA-Ligue 1,2324,Lille,Lucas Chevalier,FRA,GK,21.0,2001.0,33.0,33.0,2969.0,33.0,0.0,0.0,0.0,0.0,0.0,0.0,1.0,0.0,0.0,0.0,0.0,0.0,0.0,33.0,0.0,0.0,0.0,,0.0,0.0,,,0.0,0.0,90.0,97.0,33,90.0,32,0,,0,1.76,50.0,32.0,18.0,0.55,0.55,0.0,1.0,7.0,0.0,0.0,0.0,0.0,,,0.0,32.0,0.97,124.0,92.0,74.2,16.0,10.0,7.0,15.0,45.5,5.0,3.0,2.0,0.0,40.0,True,alta,2,1.8745479214344725
FRA-Ligue 1,2324,Lorient,Yvon Mvogo,SUI,GK,29.0,1994.0,34.0,34.0,3060.0,34.0,0.0,0.0,0.0,0.0,0.0,0.0,1.0,0.0,0.0,0.0,0.0,0.0,0.0,34.0,0.0,0.0,0.0,,0.0,0.0,,,0.0,0.0,90.0,100.0,34,90.0,34,0,,0,0.85,43.0,66.0,-23.0,-0.68,,0.0,0.0,3.0,0.0,0.0,0.0,0.0,,,0.0,66.0,1.94,210.0,144.0,68.6,7.0,8.0,19.0,4.0,11.8,8.0,8.0,0.0,0.0,0.0,True,alta,1,1.4458194778982703
FRA-Ligue 1,2324,Lyon,Anthony Lopes,POR,GK,32.0,1990.0,31.0,31.0,2790.0,31.0,0.0,0.0,0.0,0.0,0.0,0.0,0.0,0.0,0.0,0.0,0.0,0.0,0.0,31.0,0.0,0.0,0.0,,0.0,0.0,,,0.0,0.0,90.0,91.2,31,90.0,31,0,,0,1.68,47.0,49.0,-2.0,-0.06,1.27,0.0,1.0,6.0,0.0,0.0,0.0,0.0,,,0.0,49.0,1.58,154.0,109.0,68.2,16.0,4.0,11.0,8.0,25.8,6.0,4.0,1.0,1.0,20.0,True,alta,0,1.1597135189365764
FRA-Ligue 1,2324,Marseille,Pau López,ESP,GK,28.0,1994.0,33.0,33.0,2939.0,32.7,0.0,0.0,0.0,0.0,0.0,0.0,1.0,0.0,0.0,0.0,0.0,0.0,0.0,32.7,0.0,0.0,0.0,,0.0,0.0,,,0.0,0.0,89.0,96.0,33,89.0,32,0,,0,1.52,52.0,39.0,13.0,0.4,1.89,0.0,0.0,12.0,0.0,0.0,0.0,0.0,,,0.0,39.0,1.19,125.0,88.0,68.8,13.0,11.0,9.0,7.0,21.2,3.0,3.0,0.0,0.0,0.0,True,alta,0,1.6603828680066555
FRA-Ligue 1,2324,Metz,Alexandre Oukidja,ALG,GK,35.0,1988.0,34.0,34.0,2987.0,33.2,0.0,0.0,0.0,0.0,0.0,0.0,3.0,0.0,0.0,0.0,0.0,0.0,0.0,33.2,0.0,0.0,0.0,,0.0,0.0,,,0.0,0.0,88.0,97.6,34,88.0,33,0,,0,0.85,34.0,57.0,-23.0,-0.69,-0.69,0.0,1.0,7.0,0.0,0.0,3.0,1.0,,,0.0,57.0,1.72,178.0,126.0,68.0,8.0,5.0,21.0,6.0,17.6,6.0,6.0,0.0,0.0,0.0,True,alta,0,1.0601779112421883
FRA-Ligue 1,2324,Monaco,Philipp Köhn,SUI,GK,25.0,1998.0,22.0,22.0,1980.0,22.0,0.0,0.0,0.0,0.0,0.0,0.0,0.0,0.0,0.0,0.0,0.0,0.0,0.0,22.0,0.0,0.0,0.0,,0.0,0.0,,,0.0,0.0,90.0,64.7,22,90.0,22,0,,12,1.73,41.0,32.0,9.0,0.41,-1.01,0.0,0.0,1.0,0.0,0.0,2.0,1.0,,,0.0,32.0,1.45,98.0,66.0,67.3,11.0,5.0,6.0,5.0,22.7,6.0,5.0,1.0,0.0,16.7,True,alta,1,1.5398024350161252
FRA-Ligue 1,2324,Monaco,Radosław Majecki,POL,GK,23.0,1999.0,12.0,12.0,1080.0,12.0,0.0,0.0,0.0,0.0,0.0,0.0,1.0,0.0,0.0,0.0,0.0,0.0,0.0,12.0,0.0,0.0,0.0,,0.0,0.0,,,0.0,0.0,90.0,35.3,12,90.0,12,0,,22,2.42,27.0,10.0,17.0,1.42,1.01,0.0,0.0,2.0,0.0,0.0,0.0,0.0,,,0.0,10.0,0.83,57.0,46.0,82.5,9.0,2.0,1.0,5.0,41.7,0.0,0.0,0.0,0.0,,False,baja,2,3.5030264681675978
FRA-Ligue 1,2324,Montpellier,Benjamin Lecomte,FRA,GK,32.0,1991.0,30.0,30.0,2700.0,30.0,0.0,1.0,1.0,0.0,0.0,0.0,1.0,0.0,0.0,0.03,0.03,0.0,0.03,30.0,0.0,0.0,0.0,,0.0,0.0,,,0.0,0.0,90.0,88.2,30,90.0,30,0,,0,1.27,37.0,37.0,0.0,0.0,1.25,0.0,0.0,2.0,0.0,0.0,0.0,0.0,,,1.0,37.0,1.23,139.0,102.0,73.4,9.0,11.0,10.0,10.0,33.3,5.0,4.0,1.0,0.0,20.0,True,alta,2,1.2448096862605507
FRA-Ligue 1,2324,Nantes,Alban Lafont,CIV,GK,24.0,1999.0,28.0,28.0,2496.0,27.7,0.0,0.0,0.0,0.0,0.0,0.0,2.0,0.0,0.0,0.0,0.0,0.0,0.0,27.7,0.0,0.0,0.0,,0.0,0.0,,,0.0,0.0,89.0,81.6,28,89.0,27,0,,1,0.89,20.0,43.0,-23.0,-0.83,-0.51,0.0,1.0,4.0,0.0,0.0,0.0,0.0,,,0.0,43.0,1.55,111.0,75.0,61.3,7.0,4.0,17.0,6.0,21.4,8.0,8.0,0.0,0.0,0.0,True,alta,1,1.8786094165249887
FRA-Ligue 1,2324,Nantes,Rémy Descamps,FRA,GK,27.0,1996.0,6.0,6.0,540.0,6.0,0.0,0.0,0.0,0.0,0.0,0.0,1.0,0.0,0.0,0.0,0.0,0.0,0.0,6.0,0.0,0.0,0.0,,0.0,0.0,,,0.0,0.0,90.0,17.6,6,90.0,6,0,,18,1.33,10.0,11.0,-1.0,-0.17,0.69,0.0,0.0,2.0,0.0,0.0,0.0,0.0,,,0.0,11.0,1.83,37.0,26.0,70.3,2.0,2.0,2.0,1.0,16.7,2.0,1.0,0.0,1.0,0.0,False,baja,0,3.06875173492043
FRA-Ligue 1,2324,Nice,Marcin Bułka,POL,GK,23.0,1999.0,34.0,34.0,3060.0,34.0,0.0,0.0,0.0,0.0,0.0,0.0,2.0,0.0,0.0,0.0,0.0,0.0,0.0,34.0,0.0,1.0,0.0,0.0,0.03,0.0,0.0,,0.0,0.0,90.0,100.0,34,90.0,34,0,,0,1.62,40.0,29.0,11.0,0.32,,0.0,0.0,4.0,0.0,0.0,0.0,0.0,,,0.0,29.0,0.85,96.0,74.0,69.8,15.0,10.0,9.0,17.0,50.0,8.0,5.0,3.0,0.0,37.5,True,alta,2,2.0707774430694346
FRA-Ligue 1,2324,PSG,Arnau Tenas,ESP,GK,22.0,2001.0,6.0,5.0,529.0,5.9,0.0,1.0,1.0,0.0,0.0,0.0,0.0,0.0,0.0,0.17,0.17,0.0,0.17,5.9,0.0,0.0,0.0,,0.0,0.0,,,0.0,0.0,88.0,17.3,5,90.0,5,1,79.0,13,1.83,9.0,7.0,2.0,0.34,-1.3,0.0,0.0,0.0,0.0,0.0,0.0,0.0,,,0.0,7.0,1.19,26.0,19.0,73.1,2.0,2.0,1.0,1.0,20.0,0.0,0.0,0.0,0.0,,False,baja,2,2.883934116204211
FRA-Ligue 1,2324,PSG,Gianluigi Donnarumma,ITA,GK,24.0,1999.0,25.0,25.0,2169.0,24.1,0.0,0.0,0.0,0.0,0.0,0.0,3.0,1.0,0.0,0.0,0.0,0.0,0.0,24.1,0.0,0.0,0.0,,0.0,0.0,,,0.0,0.0,87.0,70.9,25,87.0,24,0,,4,2.4,62.0,20.0,42.0,1.74,1.14,0.0,2.0,0.0,0.0,0.0,1.0,0.0,,,0.0,20.0,0.83,111.0,91.0,82.0,18.0,6.0,1.0,11.0,44.0,4.0,3.0,1.0,0.0,25.0,True,alta,2,2.941412862421795
FRA-Ligue 1,2324,Reims,Yehvann Diouf,SEN,GK,23.0,1999.0,34.0,34.0,3060.0,34.0,0.0,0.0,0.0,0.0,0.0,0.0,1.0,0.0,0.0,0.0,0.0,0.0,0.0,34.0,0.0,0.0,0.0,,0.0,0.0,,,0.0,0.0,90.0,100.0,34,90.0,34,0,,0,1.38,42.0,47.0,-5.0,-0.15,,0.0,0.0,9.0,0.0,0.0,1.0,0.0,,,0.0,47.0,1.38,137.0,90.0,65.7,13.0,8.0,13.0,7.0,20.6,7.0,6.0,1.0,0.0,14.3,True,alta,0,1.3950991124764023
FRA-Ligue 1,2324,Rennes,Steve Mandanda,FRA,GK,38.0,1985.0,34.0,34.0,3060.0,34.0,0.0,0.0,0.0,0.0,0.0,0.0,1.0,0.0,0.0,0.0,0.0,0.0,0.0,34.0,0.0,0.0,0.0,,0.0,0.0,,,0.0,0.0,90.0,100.0,34,90.0,34,0,,0,1.35,53.0,46.0,7.0,0.21,,0.0,1.0,7.0,0.0,0.0,0.0,0.0,,,1.0,46.0,1.35,151.0,105.0,69.5,12.0,10.0,12.0,7.0,20.6,3.0,3.0,0.0,0.0,0.0,True,alta,0,0.6913394566786316
FRA-Ligue 1,2324,Strasbourg,Alaa Bellaarouch,MAR,GK,21.0,2002.0,15.0,15.0,1350.0,15.0,0.0,0.0,0.0,0.0,0.0,0.0,1.0,0.0,0.0,0.0,0.0,0.0,0.0,15.0,0.0,0.0,0.0,,0.0,0.0,,,0.0,0.0,90.0,44.1,15,90.0,15,0,,19,0.93,18.0,26.0,-8.0,-0.53,-0.32,0.0,0.0,3.0,0.0,0.0,0.0,0.0,,,0.0,26.0,1.73,63.0,37.0,58.7,4.0,2.0,9.0,2.0,13.3,4.0,3.0,1.0,0.0,25.0,True,alta,1,2.1075803224638086
FRA-Ligue 1,2324,Strasbourg,Matz Sels,BEL,GK,31.0,1992.0,19.0,19.0,1710.0,19.0,0.0,0.0,0.0,0.0,0.0,0.0,2.0,0.0,0.0,0.0,0.0,0.0,0.0,19.0,0.0,0.0,0.0,,0.0,0.0,,,0.0,0.0,90.0,55.9,19,90.0,19,0,,0,1.32,20.0,24.0,-4.0,-0.21,0.32,0.0,0.0,3.0,0.0,0.0,0.0,0.0,,,0.0,24.0,1.26,65.0,41.0,63.1,6.0,7.0,6.0,3.0,15.8,1.0,1.0,0.0,0.0,0.0,True,alta,0,2.0802183221344457
FRA-Ligue 1,2324,Toulouse,Guillaume Restes,FRA,GK,18.0,2005.0,34.0,34.0,3060.0,34.0,0.0,0.0,0.0,0.0,0.0,0.0,3.0,0.0,0.0,0.0,0.0,0.0,0.0,34.0,0.0,0.0,0.0,,0.0,0.0,,,0.0,0.0,90.0,100.0,34,90.0,34,0,,0,1.26,42.0,46.0,-4.0,-0.12,,0.0,1.0,11.0,0.0,0.0,0.0,0.0,,,0.0,46.0,1.35,142.0,96.0,67.6,11.0,10.0,13.0,6.0,17.6,4.0,4.0,0.0,0.0,0.0,True,alta,0,1.1145185031123928
ITA-Serie A,2324,Atalanta,Juan Musso,ARG,GK,29.0,1994.0,11.0,11.0,990.0,11.0,0.0,0.0,0.0,0.0,0.0,0.0,0.0,0.0,0.0,0.0,0.0,0.0,0.0,11.0,0.0,0.0,0.0,,0.0,0.0,,,0.0,0.0,90.0,28.9,11,90.0,11,0,,27,1.73,19.0,12.0,7.0,0.64,-0.22,0.0,1.0,0.0,0.0,0.0,0.0,0.0,,,0.0,12.0,1.09,35.0,23.0,65.7,6.0,1.0,4.0,6.0,54.5,2.0,2.0,0.0,0.0,0.0,False,baja,2,2.491200449412985
ITA-Serie A,2324,Atalanta,Marco Carnesecchi,ITA,GK,23.0,2000.0,27.0,27.0,2425.0,26.9,0.0,0.0,0.0,0.0,0.0,0.0,0.0,0.0,0.0,0.0,0.0,0.0,0.0,26.9,0.0,0.0,0.0,,0.0,0.0,,,0.0,0.0,90.0,70.9,27,90.0,26,0,,11,1.85,53.0,30.0,23.0,0.85,0.22,0.0,1.0,2.0,0.0,0.0,0.0,0.0,,,0.0,30.0,1.11,101.0,76.0,70.3,15.0,5.0,7.0,8.0,29.6,7.0,4.0,2.0,1.0,33.3,True,alta,2,1.518568033522723
ITA-Serie A,2324,Bologna,Federico Ravaglia,ITA,GK,23.0,1999.0,6.0,6.0,535.0,5.9,0.0,0.0,0.0,0.0,0.0,0.0,0.0,0.0,0.0,0.0,0.0,0.0,0.0,5.9,0.0,0.0,0.0,,0.0,0.0,,,0.0,0.0,89.0,15.6,6,89.0,5,0,,32,2.17,10.0,3.0,7.0,1.18,0.71,0.0,0.0,0.0,0.0,0.0,0.0,0.0,,,0.0,3.0,0.5,16.0,13.0,81.3,4.0,1.0,1.0,4.0,66.7,1.0,0.0,1.0,0.0,100.0,False,baja,2,3.4961525099222244
ITA-Serie A,2324,Bologna,Łukasz Skorupski,POL,GK,32.0,1991.0,32.0,32.0,2880.0,32.0,0.0,0.0,0.0,0.0,0.0,0.0,2.0,0.0,0.0,0.0,0.0,0.0,0.0,32.0,0.0,0.0,0.0,,0.0,0.0,,,0.0,0.0,90.0,84.2,32,90.0,32,0,,6,1.72,44.0,29.0,15.0,0.47,-0.7,0.0,0.0,4.0,0.0,0.0,1.0,1.0,,,0.0,29.0,0.91,105.0,79.0,72.4,14.0,13.0,5.0,12.0,37.5,6.0,3.0,1.0,2.0,25.0,True,alta,2,1.0654656663787405
ITA-Serie A,2324,Cagliari,Boris Radunović,SRB,GK,27.0,1996.0,7.0,7.0,630.0,7.0,0.0,0.0,0.0,0.0,0.0,0.0,0.0,0.0,0.0,0.0,0.0,0.0,0.0,7.0,0.0,0.0,0.0,,0.0,0.0,,,0.0,0.0,90.0,18.4,7,90.0,7,0,,31,0.29,2.0,12.0,-10.0,-1.43,-0.91,0.0,0.0,2.0,0.0,0.0,1.0,0.0,,,0.0,12.0,1.71,28.0,16.0,57.1,0.0,2.0,5.0,2.0,28.6,1.0,0.0,0.0,1.0,,False,baja,0,2.5876598141541827
ITA-Serie A,2324,Cagliari,Simone Scuffet,ITA,GK,27.0,1996.0,31.0,31.0,2789.0,31.0,0.0,0.0,0.0,0.0,0.0,0.0,3.0,0.0,0.0,0.0,0.0,0.0,0.0,31.0,0.0,0.0,0.0,,0.0,0.0,,,0.0,0.0,90.0,81.5,31,90.0,30,0,,7,1.1,40.0,55.0,-15.0,-0.48,1.08,0.0,0.0,4.0,0.0,0.0,1.0,0.0,,,0.0,55.0,1.77,134.0,79.0,59.0,8.0,10.0,13.0,3.0,9.7,3.0,3.0,0.0,0.0,0.0,True,alta,1,2.140937367068972
ITA-Serie A,2324,Empoli,Elia Caprile,ITA,GK,21.0,2001.0,23.0,23.0,2070.0,23.0,0.0,0.0,0.0,0.0,0.0,0.0,0.0,0.0,0.0,0.0,0.0,0.0,0.0,23.0,0.0,0.0,0.0,,0.0,0.0,,,0.0,0.0,90.0,60.5,23,90.0,23,0,,9,1.04,19.0,27.0,-8.0,-0.35,0.79,0.0,1.0,7.0,0.0,0.0,0.0,0.0,,,0.0,27.0,1.17,106.0,79.0,74.5,6.0,6.0,11.0,4.0,17.4,5.0,4.0,1.0,0.0,20.0,True,alta,0,1.9250610789240037
ITA-Serie A,2324,Empoli,Etrit Berisha,ALB,GK,34.0,1989.0,14.0,14.0,1260.0,14.0,0.0,0.0,0.0,0.0,0.0,0.0,0.0,0.0,0.0,0.0,0.0,0.0,0.0,14.0,0.0,0.0,0.0,,0.0,0.0,,,0.0,0.0,90.0,36.8,14,90.0,14,0,,12,0.86,10.0,25.0,-15.0,-1.07,-0.65,0.0,0.0,2.0,0.0,0.0,0.0,0.0,,,0.0,25.0,1.79,74.0,49.0,66.2,3.0,3.0,8.0,4.0,28.6,3.0,2.0,1.0,0.0,33.3,False,baja,1,1.5663700616297656
ITA-Serie A,2324,Fiorentina,Pietro Terracciano,ITA,GK,33.0,1990.0,33.0,33.0,2970.0,33.0,0.0,0.0,0.0,0.0,0.0,0.0,3.0,0.0,0.0,0.0,0.0,0.0,0.0,33.0,0.0,0.0,0.0,,0.0,0.0,,,0.0,0.0,90.0,86.8,33,90.0,33,0,,5,1.61,50.0,35.0,15.0,0.45,0.45,0.0,2.0,2.0,0.0,0.0,0.0,0.0,,,0.0,35.0,1.06,126.0,91.0,72.2,15.0,8.0,10.0,8.0,24.2,7.0,6.0,1.0,0.0,14.3,True,alta,2,1.2399781343626275
ITA-Serie A,2324,Frosinone,Michele Cerofolini,ITA,GK,24.0,1999.0,8.0,7.0,675.0,7.5,0.0,0.0,0.0,0.0,0.0,0.0,1.0,0.0,0.0,0.0,0.0,0.0,0.0,7.5,0.0,0.0,0.0,,0.0,0.0,,,0.0,0.0,84.0,19.7,7,90.0,7,1,45.0,30,1.38,7.0,11.0,-4.0,-0.53,0.16,0.0,1.0,0.0,0.0,0.0,0.0,0.0,,,1.0,11.0,1.47,29.0,18.0,62.1,2.0,2.0,3.0,0.0,0.0,1.0,0.0,0.0,1.0,,False,baja,1,3.4308886260987594
ITA-Serie A,2324,Frosinone,Stefano Turati,ITA,GK,21.0,2001.0,31.0,31.0,2745.0,30.5,0.0,0.0,0.0,0.0,0.0,0.0,0.0,0.0,0.0,0.0,0.0,0.0,0.0,30.5,0.0,0.0,0.0,,0.0,0.0,,,0.0,0.0,89.0,80.3,31,89.0,30,0,,2,0.87,37.0,58.0,-21.0,-0.69,-0.16,0.0,0.0,3.0,0.0,0.0,0.0,0.0,,,0.0,58.0,1.9,155.0,97.0,62.6,6.0,9.0,16.0,4.0,12.9,7.0,5.0,1.0,1.0,16.7,True,alta,1,0.5123391085218678
ITA-Serie A,2324,Genoa,Josep Martinez,ESP,GK,25.0,1998.0,36.0,36.0,3239.0,36.0,0.0,0.0,0.0,0.0,0.0,0.0,4.0,1.0,0.0,0.0,0.0,0.0,0.0,36.0,0.0,0.0,0.0,,0.0,0.0,,,0.0,0.0,90.0,94.7,36,90.0,35,0,,1,1.28,43.0,43.0,0.0,0.0,0.0,1.0,2.0,11.0,0.0,0.0,0.0,0.0,,,0.0,43.0,1.19,130.0,87.0,66.9,11.0,13.0,12.0,8.0,22.2,4.0,3.0,1.0,0.0,25.0,True,alta,0,1.5266748695471344
ITA-Serie A,2324,Hellas Verona,Lorenzo Montipò,ITA,GK,27.0,1996.0,37.0,37.0,3330.0,37.0,0.0,1.0,1.0,0.0,0.0,0.0,0.0,0.0,0.0,0.03,0.03,0.0,0.03,37.0,0.0,0.0,0.0,,0.0,0.0,,,0.0,0.0,90.0,97.4,37,90.0,37,0,,0,1.0,36.0,49.0,-13.0,-0.35,-0.35,0.0,0.0,3.0,0.0,0.0,0.0,1.0,,,0.0,49.0,1.32,153.0,105.0,68.0,9.0,10.0,18.0,8.0,21.6,2.0,2.0,0.0,0.0,0.0,True,alta,2,1.7655145852753702
ITA-Serie A,2324,Inter,Yann Sommer,SUI,GK,34.0,1988.0,34.0,34.0,3060.0,34.0,0.0,0.0,0.0,0.0,0.0,0.0,1.0,0.0,0.0,0.0,0.0,0.0,0.0,34.0,0.0,0.0,0.0,,0.0,0.0,,,0.0,0.0,90.0,89.5,34,90.0,34,0,,3,2.56,81.0,19.0,62.0,1.82,0.57,0.0,1.0,1.0,0.0,0.0,0.0,1.0,,,0.0,19.0,0.56,98.0,79.0,80.6,27.0,6.0,1.0,17.0,50.0,4.0,2.0,1.0,1.0,33.3,True,alta,2,2.582081786023592
ITA-Serie A,2324,Juventus,Wojciech Szczęsny,POL,GK,33.0,1990.0,35.0,35.0,3150.0,35.0,0.0,0.0,0.0,0.0,0.0,0.0,1.0,0.0,0.0,0.0,0.0,0.0,0.0,35.0,0.0,0.0,0.0,,0.0,0.0,,,0.0,0.0,90.0,92.1,35,90.0,35,0,,1,1.83,49.0,30.0,19.0,0.54,-0.79,0.0,1.0,2.0,0.0,0.0,1.0,0.0,,,0.0,30.0,0.86,111.0,81.0,73.0,17.0,13.0,5.0,14.0,40.0,3.0,2.0,1.0,0.0,33.3,True,alta,2,1.1823037208362757
ITA-Serie A,2324,Lazio,Christos Mandas,GRE,GK,21.0,2001.0,9.0,8.0,721.0,8.0,0.0,0.0,0.0,0.0,0.0,0.0,0.0,0.0,0.0,0.0,0.0,0.0,0.0,8.0,0.0,0.0,0.0,,0.0,0.0,,,0.0,0.0,80.0,21.1,8,90.0,8,1,1.0,26,2.11,14.0,6.0,8.0,1.0,0.93,0.0,0.0,1.0,0.0,0.0,1.0,0.0,,,0.0,6.0,0.75,29.0,23.0,79.3,6.0,1.0,1.0,2.0,25.0,0.0,0.0,0.0,0.0,,False,baja,2,2.7260586714708155
ITA-Serie A,2324,Lazio,Ivan Provedel,ITA,GK,29.0,1994.0,30.0,30.0,2699.0,30.0,0.0,0.0,0.0,0.0,0.0,0.0,0.0,0.0,0.0,0.0,0.0,0.0,0.0,30.0,0.0,0.0,0.0,,0.0,0.0,,,0.0,0.0,90.0,78.9,30,90.0,29,0,,2,1.4,35.0,33.0,2.0,0.07,-0.93,0.0,0.0,7.0,0.0,0.0,0.0,0.0,,,0.0,33.0,1.1,119.0,86.0,72.3,12.0,6.0,12.0,9.0,30.0,3.0,2.0,0.0,1.0,0.0,True,alta,0,1.6043813780870968
ITA-Serie A,2324,Lecce,Wladimiro Falcone,ITA,GK,28.0,1995.0,38.0,38.0,3420.0,38.0,0.0,0.0,0.0,0.0,0.0,0.0,0.0,0.0,0.0,0.0,0.0,0.0,0.0,38.0,0.0,0.0,0.0,,0.0,0.0,,,0.0,0.0,90.0,100.0,38,90.0,38,0,,0,1.0,32.0,54.0,-22.0,-0.58,,0.0,0.0,5.0,0.0,0.0,1.0,0.0,,,0.0,54.0,1.42,172.0,121.0,68.6,8.0,14.0,16.0,5.0,13.2,6.0,5.0,1.0,0.0,16.7,True,alta,0,1.0255072071883777
ITA-Serie A,2324,Milan,Marco Sportiello,ITA,GK,31.0,1992.0,7.0,7.0,630.0,7.0,0.0,0.0,0.0,0.0,0.0,0.0,0.0,0.0,0.0,0.0,0.0,0.0,0.0,7.0,0.0,0.0,0.0,,0.0,0.0,,,0.0,0.0,90.0,18.4,7,90.0,7,0,,19,1.71,16.0,11.0,5.0,0.71,0.0,0.0,0.0,0.0,0.0,0.0,0.0,0.0,,,0.0,11.0,1.57,34.0,23.0,67.6,3.0,3.0,1.0,1.0,14.3,1.0,1.0,0.0,0.0,0.0,False,baja,1,1.9134239034982445
ITA-Serie A,2324,Milan,Mike Maignan,FRA,GK,28.0,1995.0,29.0,29.0,2609.0,29.0,0.0,1.0,1.0,0.0,0.0,0.0,1.0,1.0,0.0,0.03,0.03,0.0,0.03,29.0,0.0,0.0,0.0,,0.0,0.0,,,0.0,0.0,90.0,76.3,29,90.0,28,0,,2,2.14,57.0,34.0,23.0,0.79,0.35,0.0,1.0,5.0,0.0,0.0,1.0,0.0,,,0.0,34.0,1.17,121.0,87.0,71.9,19.0,5.0,5.0,11.0,37.9,7.0,7.0,0.0,0.0,0.0,True,alta,2,1.8424834472342153
ITA-Serie A,2324,Monza,Alessandro Sorrentino,ITA,GK,21.0,2002.0,7.0,5.0,548.0,6.1,0.0,0.0,0.0,0.0,0.0,0.0,0.0,0.0,0.0,0.0,0.0,0.0,0.0,6.1,0.0,0.0,0.0,,0.0,0.0,,,0.0,0.0,78.0,16.0,5,90.0,5,2,49.0,31,1.0,8.0,16.0,-8.0,-1.31,-1.19,0.0,0.0,1.0,0.0,0.0,0.0,0.0,,,0.0,16.0,2.63,32.0,16.0,50.0,0.0,1.0,4.0,0.0,0.0,4.0,4.0,0.0,0.0,0.0,False,baja,1,5.586924704776896
ITA-Serie A,2324,Monza,Michele Di Gregorio,ITA,GK,26.0,1997.0,33.0,33.0,2872.0,31.9,0.0,0.0,0.0,0.0,0.0,0.0,0.0,0.0,0.0,0.0,0.0,0.0,0.0,31.9,0.0,0.0,0.0,,0.0,0.0,,,0.0,0.0,87.0,84.0,33,87.0,31,0,,1,1.33,31.0,35.0,-4.0,-0.13,1.19,0.0,0.0,4.0,0.0,0.0,2.0,0.0,,,0.0,35.0,1.1,155.0,124.0,77.4,11.0,11.0,11.0,12.0,36.4,5.0,3.0,2.0,0.0,40.0,True,alta,2,1.9318282390909112
ITA-Serie A,2324,Napoli,Alex Meret,ITA,GK,26.0,1997.0,31.0,31.0,2773.0,30.8,0.0,0.0,0.0,0.0,0.0,0.0,0.0,0.0,0.0,0.0,0.0,0.0,0.0,30.8,0.0,0.0,0.0,,0.0,0.0,,,0.0,0.0,89.0,81.1,31,89.0,30,0,,1,1.39,49.0,40.0,9.0,0.29,0.57,0.0,0.0,3.0,0.0,0.0,0.0,0.0,,,0.0,40.0,1.3,102.0,62.0,60.8,10.0,13.0,8.0,5.0,16.1,4.0,2.0,2.0,0.0,50.0,True,alta,1,2.375845495310097
ITA-Serie A,2324,Napoli,Pierluigi Gollini,ITA,GK,28.0,1995.0,7.0,7.0,630.0,7.0,0.0,0.0,0.0,0.0,0.0,0.0,0.0,0.0,0.0,0.0,0.0,0.0,0.0,7.0,0.0,1.0,0.0,0.0,0.14,0.0,0.0,,0.0,0.0,90.0,18.4,7,90.0,7,0,,22,1.43,6.0,8.0,-2.0,-0.29,-0.58,0.0,0.0,1.0,0.0,0.0,1.0,1.0,,,0.0,8.0,1.14,24.0,16.0,66.7,3.0,1.0,3.0,1.0,14.3,0.0,0.0,0.0,0.0,,False,baja,0,2.4752719935792737
ITA-Serie A,2324,Roma,Mile Svilar,SRB,GK,23.0,1999.0,15.0,15.0,1350.0,15.0,0.0,0.0,0.0,0.0,0.0,0.0,1.0,0.0,0.0,0.0,0.0,0.0,0.0,15.0,0.0,0.0,0.0,,0.0,0.0,,,0.0,0.0,90.0,39.5,15,90.0,15,0,,23,1.67,24.0,19.0,5.0,0.33,-0.28,0.0,0.0,4.0,0.0,0.0,0.0,0.0,,,0.0,19.0,1.27,77.0,59.0,75.3,7.0,4.0,4.0,5.0,33.3,2.0,1.0,1.0,0.0,50.0,True,alta,0,2.1325192959110875
ITA-Serie A,2324,Roma,Rui Patrício,POR,GK,35.0,1988.0,23.0,23.0,2070.0,23.0,0.0,0.0,0.0,0.0,0.0,0.0,1.0,0.0,0.0,0.0,0.0,0.0,0.0,23.0,0.0,0.0,0.0,,0.0,0.0,,,0.0,0.0,90.0,60.5,23,90.0,23,0,,15,1.65,41.0,27.0,14.0,0.61,0.28,0.0,1.0,1.0,0.0,0.0,0.0,0.0,,,0.0,27.0,1.17,76.0,49.0,64.5,11.0,5.0,7.0,6.0,26.1,3.0,2.0,0.0,1.0,0.0,True,alta,2,1.7415919096858457
ITA-Serie A,2324,Salernitana,Benoît Costil,FRA,GK,36.0,1987.0,13.0,13.0,1170.0,13.0,0.0,0.0,0.0,0.0,0.0,0.0,0.0,0.0,0.0,0.0,0.0,0.0,0.0,13.0,0.0,0.0,0.0,,0.0,0.0,,,0.0,0.0,90.0,34.2,13,90.0,13,0,,25,0.69,13.0,29.0,-16.0,-1.23,0.09,0.0,0.0,1.0,0.0,1.0,0.0,1.0,,,0.0,29.0,2.23,68.0,39.0,57.4,2.0,3.0,8.0,1.0,7.7,3.0,3.0,0.0,0.0,0.0,False,baja,1,1.7141508566745638
ITA-Serie A,2324,Salernitana,Guillermo Ochoa,MEX,GK,38.0,1985.0,21.0,21.0,1890.0,21.0,0.0,0.0,0.0,0.0,0.0,0.0,0.0,0.0,0.0,0.0,0.0,0.0,0.0,21.0,0.0,0.0,0.0,,0.0,0.0,,,0.0,0.0,90.0,55.3,21,90.0,21,0,,4,0.29,13.0,44.0,-31.0,-1.48,-0.42,0.0,0.0,0.0,0.0,0.0,0.0,0.0,,,0.0,44.0,2.1,112.0,74.0,60.7,0.0,6.0,15.0,1.0,4.8,7.0,7.0,0.0,0.0,0.0,True,alta,1,2.592030812678553
ITA-Serie A,2324,Sassuolo,Andrea Consigli,ITA,GK,36.0,1987.0,35.0,35.0,3150.0,35.0,0.0,0.0,0.0,0.0,0.0,0.0,1.0,0.0,0.0,0.0,0.0,0.0,0.0,35.0,0.0,0.0,0.0,,0.0,0.0,,,0.0,0.0,90.0,92.1,35,90.0,35,0,,0,0.74,36.0,68.0,-32.0,-0.91,-0.91,0.0,0.0,3.0,0.0,0.0,0.0,0.0,,,0.0,68.0,1.94,163.0,95.0,58.3,6.0,8.0,21.0,2.0,5.7,10.0,7.0,1.0,2.0,12.5,True,alta,1,1.9392512562298798
ITA-Serie A,2324,Torino,Vanja Milinković-Savić,SRB,GK,26.0,1997.0,36.0,36.0,3240.0,36.0,0.0,0.0,0.0,0.0,0.0,0.0,2.0,0.0,0.0,0.0,0.0,0.0,0.0,36.0,0.0,0.0,0.0,,0.0,0.0,,,0.0,0.0,90.0,94.7,36,90.0,36,0,,1,1.47,36.0,31.0,5.0,0.14,2.64,0.0,0.0,2.0,0.0,0.0,1.0,0.0,,,0.0,31.0,0.86,134.0,103.0,76.9,13.0,14.0,9.0,17.0,47.2,6.0,6.0,0.0,0.0,0.0,True,alta,2,1.5451805595897172
ITA-Serie A,2324,Udinese,Maduka Okoye,NGA,GK,23.0,1999.0,21.0,21.0,1890.0,21.0,0.0,0.0,0.0,0.0,0.0,0.0,2.0,0.0,0.0,0.0,0.0,0.0,0.0,21.0,0.0,0.0,0.0,,0.0,0.0,,,0.0,0.0,90.0,55.3,21,90.0,21,0,,16,1.1,22.0,25.0,-3.0,-0.14,0.62,0.0,1.0,4.0,0.0,0.0,1.0,0.0,,,0.0,25.0,1.19,90.0,65.0,72.2,5.0,8.0,8.0,4.0,19.0,3.0,3.0,0.0,0.0,0.0,True,alta,0,0.9409670238707994
ITA-Serie A,2324,Udinese,Marco Silvestri,ITA,GK,32.0,1991.0,17.0,17.0,1530.0,17.0,0.0,0.0,0.0,0.0,0.0,0.0,0.0,0.0,0.0,0.0,0.0,0.0,0.0,17.0,0.0,0.0,0.0,,0.0,0.0,,,0.0,0.0,90.0,44.7,17,90.0,17,0,,16,0.82,15.0,28.0,-13.0,-0.76,-0.62,0.0,0.0,1.0,0.0,0.0,0.0,0.0,,,0.0,28.0,1.65,69.0,41.0,59.4,1.0,11.0,5.0,4.0,23.5,6.0,6.0,0.0,0.0,0.0,True,alta,1,2.369839990900367
GER-Bundesliga,2324,Augsburg,Finn Dahmen,GER,GK,25.0,1998.0,31.0,31.0,2790.0,31.0,0.0,0.0,0.0,0.0,0.0,0.0,4.0,0.0,0.0,0.0,0.0,0.0,0.0,31.0,0.0,0.0,0.0,,0.0,0.0,,,0.0,0.0,90.0,91.2,31,90.0,31,0,,0,1.26,48.0,52.0,-4.0,-0.13,1.87,0.0,2.0,4.0,0.0,0.0,0.0,0.0,,,1.0,52.0,1.68,160.0,108.0,67.5,10.0,9.0,12.0,3.0,9.7,10.0,7.0,2.0,1.0,22.2,True,alta,1,1.5390376912485269
GER-Bundesliga,2324,Bayern Munich,Manuel Neuer,GER,GK,37.0,1986.0,23.0,23.0,2053.0,22.8,0.0,0.0,0.0,0.0,0.0,0.0,1.0,0.0,0.0,0.0,0.0,0.0,0.0,22.8,0.0,0.0,0.0,,0.0,0.0,,,0.0,0.0,89.0,67.1,23,89.0,22,0,,0,2.13,64.0,33.0,31.0,1.36,-0.25,0.0,1.0,2.0,0.0,0.0,0.0,1.0,,,0.0,33.0,1.45,92.0,59.0,64.1,16.0,1.0,6.0,6.0,26.1,3.0,2.0,1.0,0.0,33.3,True,alta,2,1.677754178128491
GER-Bundesliga,2324,Bayern Munich,Sven Ulreich,GER,GK,34.0,1988.0,11.0,11.0,990.0,11.0,0.0,0.0,0.0,0.0,0.0,0.0,1.0,0.0,0.0,0.0,0.0,0.0,0.0,11.0,0.0,0.0,0.0,,0.0,0.0,,,0.0,0.0,90.0,32.4,11,90.0,11,0,,21,2.09,30.0,12.0,18.0,1.64,0.29,0.0,0.0,0.0,0.0,0.0,0.0,0.0,,,0.0,12.0,1.09,31.0,19.0,61.3,7.0,2.0,2.0,4.0,36.4,1.0,1.0,0.0,0.0,0.0,False,baja,2,2.873043104349867
GER-Bundesliga,2324,Bochum,Manuel Riemann,GER,GK,34.0,1988.0,33.0,33.0,2970.0,33.0,0.0,0.0,0.0,0.0,0.0,0.0,5.0,0.0,0.0,0.0,0.0,0.0,0.0,33.0,0.0,0.0,0.0,,0.0,0.0,,,0.0,0.0,90.0,97.1,33,90.0,33,0,,0,1.0,41.0,70.0,-29.0,-0.88,2.12,0.0,2.0,4.0,0.0,1.0,1.0,1.0,,,0.0,70.0,2.12,185.0,115.0,62.2,7.0,12.0,14.0,4.0,12.1,11.0,9.0,2.0,0.0,18.2,True,alta,1,1.6055084986297166
GER-Bundesliga,2324,Darmstadt 98,Marcel Schuhen,GER,GK,30.0,1993.0,31.0,31.0,2790.0,31.0,0.0,0.0,0.0,0.0,0.0,0.0,2.0,0.0,0.0,0.0,0.0,0.0,0.0,31.0,0.0,0.0,0.0,,0.0,0.0,,,0.0,0.0,90.0,91.2,31,90.0,31,0,,2,0.52,29.0,76.0,-47.0,-1.52,1.48,0.0,0.0,8.0,0.0,1.0,1.0,0.0,,,0.0,76.0,2.45,199.0,123.0,61.8,3.0,7.0,21.0,3.0,9.7,2.0,1.0,1.0,0.0,50.0,True,alta,0,2.6318378148601695
GER-Bundesliga,2324,Dortmund,Alexander Meyer,GER,GK,32.0,1991.0,8.0,7.0,695.0,7.7,0.0,0.0,0.0,0.0,0.0,0.0,0.0,0.0,0.0,0.0,0.0,0.0,0.0,7.7,0.0,0.0,0.0,,0.0,0.0,,,0.0,0.0,87.0,22.7,7,90.0,7,1,65.0,26,1.75,15.0,9.0,6.0,0.78,0.05,0.0,0.0,0.0,0.0,0.0,0.0,1.0,,,0.0,9.0,1.17,28.0,19.0,67.9,4.0,1.0,2.0,3.0,42.9,0.0,0.0,0.0,0.0,,False,baja,2,2.694162298441083
GER-Bundesliga,2324,Dortmund,Gregor Kobel,SUI,GK,25.0,1997.0,27.0,27.0,2365.0,26.3,0.0,0.0,0.0,0.0,0.0,0.0,1.0,0.0,0.0,0.0,0.0,0.0,0.0,26.3,0.0,0.0,0.0,,0.0,0.0,,,0.0,0.0,88.0,77.3,27,88.0,26,0,,0,1.85,53.0,34.0,19.0,0.72,-0.05,0.0,2.0,3.0,0.0,0.0,0.0,0.0,,,0.0,34.0,1.29,118.0,84.0,71.2,14.0,8.0,5.0,7.0,25.9,6.0,5.0,1.0,0.0,16.7,True,alta,2,1.6314823667106066
GER-Bundesliga,2324,Frankfurt,Kevin Trapp,GER,GK,33.0,1990.0,32.0,32.0,2880.0,32.0,0.0,0.0,0.0,0.0,0.0,0.0,2.0,0.0,0.0,0.0,0.0,0.0,0.0,32.0,0.0,0.0,0.0,,0.0,0.0,,,0.0,0.0,90.0,94.1,32,90.0,32,0,,0,1.34,47.0,48.0,-1.0,-0.03,-1.03,0.0,0.0,6.0,0.0,0.0,1.0,0.0,,,0.0,48.0,1.5,135.0,87.0,64.4,10.0,13.0,9.0,7.0,21.9,11.0,9.0,2.0,0.0,18.2,True,alta,1,2.199993251453565
GER-Bundesliga,2324,Freiburg,Noah Atubolu,GER,GK,21.0,2002.0,34.0,34.0,3060.0,34.0,0.0,0.0,0.0,0.0,0.0,0.0,0.0,0.0,0.0,0.0,0.0,0.0,0.0,34.0,0.0,0.0,0.0,,0.0,0.0,,,0.0,0.0,90.0,100.0,34,90.0,34,0,,0,1.24,45.0,58.0,-13.0,-0.38,,0.0,0.0,3.0,0.0,0.0,0.0,0.0,,,0.0,58.0,1.71,159.0,101.0,63.5,11.0,9.0,14.0,9.0,26.5,5.0,3.0,2.0,0.0,40.0,True,alta,1,1.4754438631179663
GER-Bundesliga,2324,Gladbach,Jonas Omlin,SUI,GK,29.0,1994.0,7.0,7.0,630.0,7.0,0.0,1.0,1.0,0.0,0.0,0.0,1.0,0.0,0.0,0.14,0.14,0.0,0.14,7.0,0.0,0.0,0.0,,0.0,0.0,,,0.0,0.0,90.0,20.6,7,90.0,7,0,,1,0.71,9.0,18.0,-9.0,-1.29,-1.21,0.0,0.0,2.0,0.0,0.0,0.0,0.0,,,0.0,18.0,2.57,47.0,29.0,61.7,1.0,2.0,4.0,0.0,0.0,2.0,2.0,0.0,0.0,0.0,False,baja,1,3.792582078269863
GER-Bundesliga,2324,Gladbach,Moritz Nicolas,GER,GK,25.0,1997.0,27.0,27.0,2430.0,27.0,0.0,0.0,0.0,0.0,0.0,0.0,2.0,0.0,0.0,0.0,0.0,0.0,0.0,27.0,0.0,0.0,0.0,,0.0,0.0,,,0.0,0.0,90.0,79.4,27,90.0,27,0,,7,1.07,47.0,49.0,-2.0,-0.07,1.21,0.0,1.0,2.0,0.0,0.0,0.0,0.0,,,0.0,49.0,1.81,159.0,113.0,69.2,6.0,11.0,10.0,4.0,14.8,4.0,4.0,0.0,0.0,0.0,True,alta,1,1.501449584040118
GER-Bundesliga,2324,Heidenheim,Kevin Müller,GER,GK,32.0,1991.0,34.0,34.0,3060.0,34.0,0.0,0.0,0.0,0.0,0.0,0.0,1.0,0.0,0.0,0.0,0.0,0.0,0.0,34.0,0.0,0.0,0.0,,0.0,0.0,,,0.0,0.0,90.0,100.0,34,90.0,34,0,,0,1.24,50.0,55.0,-5.0,-0.15,,0.0,1.0,2.0,0.0,0.0,0.0,0.0,,,0.0,55.0,1.62,178.0,123.0,69.1,10.0,12.0,12.0,5.0,14.7,10.0,7.0,1.0,2.0,12.5,True,alta,1,1.3909775818216485
GER-Bundesliga,2324,Hoffenheim,Oliver Baumann,GER,GK,33.0,1990.0,34.0,34.0,3060.0,34.0,0.0,1.0,1.0,0.0,0.0,0.0,1.0,0.0,0.0,0.03,0.03,0.0,0.03,34.0,0.0,0.0,0.0,,0.0,0.0,,,0.0,0.0,90.0,100.0,34,90.0,34,0,,0,1.35,66.0,66.0,0.0,0.0,,0.0,1.0,6.0,0.0,0.0,0.0,0.0,,,0.0,66.0,1.94,209.0,143.0,68.4,13.0,7.0,14.0,1.0,2.9,5.0,2.0,3.0,0.0,60.0,True,alta,1,2.5266821916605733
GER-Bundesliga,2324,Köln,Marvin Schwäbe,GER,GK,28.0,1995.0,34.0,34.0,3060.0,34.0,0.0,0.0,0.0,0.0,0.0,0.0,0.0,0.0,0.0,0.0,0.0,0.0,0.0,34.0,0.0,0.0,0.0,,0.0,0.0,,,0.0,0.0,90.0,100.0,34,90.0,34,0,,0,0.79,28.0,60.0,-32.0,-0.94,,0.0,0.0,1.0,0.0,0.0,0.0,0.0,,,0.0,60.0,1.76,169.0,109.0,64.5,5.0,12.0,17.0,3.0,8.8,3.0,3.0,0.0,0.0,0.0,True,alta,1,1.9946493042191802
GER-Bundesliga,2324,Leverkusen,Lukáš Hrádecký,FIN,GK,33.0,1989.0,33.0,33.0,2970.0,33.0,0.0,0.0,0.0,0.0,0.0,0.0,2.0,0.0,0.0,0.0,0.0,0.0,0.0,33.0,0.0,0.0,0.0,,0.0,0.0,,,0.0,0.0,90.0,97.1,33,90.0,33,0,,1,2.7,89.0,24.0,65.0,1.97,1.97,0.0,0.0,1.0,0.0,0.0,0.0,0.0,,,0.0,24.0,0.73,102.0,78.0,76.5,28.0,5.0,0.0,15.0,45.5,0.0,0.0,0.0,0.0,,True,alta,2,2.6713045400041704
GER-Bundesliga,2324,Mainz 05,Robin Zentner,GER,GK,28.0,1994.0,30.0,30.0,2700.0,30.0,0.0,0.0,0.0,0.0,0.0,0.0,3.0,0.0,0.0,0.0,0.0,0.0,0.0,30.0,0.0,1.0,0.0,0.0,0.03,0.0,0.0,,0.0,0.0,90.0,88.2,30,90.0,30,0,,0,1.1,38.0,48.0,-10.0,-0.33,0.17,0.0,1.0,5.0,0.0,0.0,0.0,2.0,,,0.0,48.0,1.6,130.0,82.0,63.1,7.0,12.0,11.0,7.0,23.3,4.0,3.0,0.0,1.0,0.0,True,alta,0,1.208370464367741
GER-Bundesliga,2324,RB Leipzig,Janis Blaswich,GER,GK,32.0,1991.0,21.0,21.0,1890.0,21.0,0.0,0.0,0.0,0.0,0.0,0.0,0.0,0.0,0.0,0.0,0.0,0.0,0.0,21.0,0.0,0.0,0.0,,0.0,0.0,,,0.0,0.0,90.0,61.8,21,90.0,21,0,,13,1.62,45.0,30.0,15.0,0.71,-1.05,0.0,0.0,2.0,0.0,0.0,0.0,1.0,,,0.0,30.0,1.43,77.0,47.0,61.0,10.0,4.0,7.0,5.0,23.8,4.0,4.0,0.0,0.0,0.0,True,alta,1,1.9670597805487904
GER-Bundesliga,2324,RB Leipzig,Péter Gulácsi,HUN,GK,33.0,1990.0,13.0,13.0,1170.0,13.0,0.0,0.0,0.0,0.0,0.0,0.0,0.0,0.0,0.0,0.0,0.0,0.0,0.0,13.0,0.0,0.0,0.0,,0.0,0.0,,,0.0,0.0,90.0,38.2,13,90.0,13,0,,16,2.38,32.0,9.0,23.0,1.77,1.05,0.0,0.0,0.0,0.0,0.0,0.0,0.0,,,0.0,9.0,0.69,42.0,33.0,78.6,9.0,4.0,0.0,5.0,38.5,1.0,0.0,0.0,1.0,,False,baja,2,2.335419879716063
GER-Bundesliga,2324,Stuttgart,Alexander Nübel,GER,GK,26.0,1996.0,30.0,30.0,2700.0,30.0,0.0,0.0,0.0,0.0,0.0,0.0,1.0,0.0,0.0,0.0,0.0,0.0,0.0,30.0,0.0,0.0,0.0,,0.0,0.0,,,0.0,0.0,90.0,88.2,30,90.0,30,0,,0,2.1,69.0,36.0,33.0,1.1,-0.4,0.0,0.0,4.0,0.0,0.0,0.0,2.0,,,1.0,36.0,1.2,108.0,74.0,66.7,20.0,3.0,7.0,9.0,30.0,3.0,3.0,0.0,0.0,0.0,True,alta,2,1.3521287230411556
GER-Bundesliga,2324,Union Berlin,Frederik Rønnow,DEN,GK,30.0,1992.0,33.0,33.0,2970.0,33.0,0.0,0.0,0.0,0.0,0.0,0.0,2.0,0.0,0.0,0.0,0.0,0.0,0.0,33.0,0.0,3.0,0.0,0.0,0.09,0.0,0.0,,0.0,0.0,90.0,97.1,33,90.0,33,0,,0,1.0,33.0,56.0,-23.0,-0.7,1.3,0.0,0.0,4.0,0.0,0.0,1.0,1.0,,,0.0,56.0,1.7,162.0,106.0,65.4,9.0,6.0,18.0,7.0,21.2,7.0,5.0,2.0,0.0,28.6,True,alta,1,0.8472876164711082
GER-Bundesliga,2324,Werder Bremen,Jiří Pavlenka,CZE,GK,31.0,1992.0,7.0,7.0,630.0,7.0,0.0,0.0,0.0,0.0,0.0,0.0,0.0,0.0,0.0,0.0,0.0,0.0,0.0,7.0,0.0,0.0,0.0,,0.0,0.0,,,0.0,0.0,90.0,20.6,7,90.0,7,0,,17,0.86,12.0,17.0,-5.0,-0.71,-0.68,0.0,0.0,0.0,0.0,0.0,0.0,0.0,,,0.0,17.0,2.43,39.0,22.0,56.4,2.0,0.0,5.0,1.0,14.3,2.0,2.0,0.0,0.0,0.0,False,baja,1,2.516155884386911
GER-Bundesliga,2324,Werder Bremen,Michael Zetterer,GER,GK,28.0,1995.0,27.0,27.0,2430.0,27.0,0.0,0.0,0.0,0.0,0.0,0.0,2.0,0.0,0.0,0.0,0.0,0.0,0.0,27.0,0.0,1.0,0.0,0.0,0.04,0.0,0.0,,0.0,0.0,90.0,79.4,27,90.0,27,0,,7,1.33,36.0,37.0,-1.0,-0.04,0.68,0.0,0.0,7.0,1.0,0.0,0.0,1.0,,,0.0,37.0,1.37,130.0,93.0,71.5,9.0,9.0,9.0,5.0,18.5,4.0,4.0,0.0,0.0,0.0,True,alta,0,0.9456508109993447
GER-Bundesliga,2324,Wolfsburg,Koen Casteels,BEL,GK,31.0,1992.0,25.0,25.0,2250.0,25.0,0.0,0.0,0.0,0.0,0.0,0.0,2.0,0.0,0.0,0.0,0.0,0.0,0.0,25.0,0.0,0.0,0.0,,0.0,0.0,,,0.0,0.0,90.0,73.5,25,90.0,25,0,,0,1.2,31.0,39.0,-8.0,-0.32,0.46,0.0,1.0,3.0,0.0,0.0,0.0,0.0,,,0.0,39.0,1.56,117.0,78.0,66.7,8.0,6.0,11.0,3.0,12.0,3.0,2.0,0.0,1.0,0.0,True,alta,0,1.1892408667442695
GER-Bundesliga,2324,Wolfsburg,Pavao Pervan,AUT,GK,35.0,1987.0,9.0,9.0,810.0,9.0,0.0,0.0,0.0,0.0,0.0,0.0,1.0,0.0,0.0,0.0,0.0,0.0,0.0,9.0,0.0,0.0,0.0,,0.0,0.0,,,0.0,0.0,90.0,26.5,9,90.0,9,0,,25,0.78,10.0,17.0,-7.0,-0.78,-0.46,0.0,0.0,1.0,0.0,0.0,0.0,0.0,,,0.0,17.0,1.89,37.0,20.0,54.1,2.0,1.0,6.0,2.0,22.2,0.0,0.0,0.0,0.0,,False,baja,0,3.5932583222949988
